rho,K,phi,cand_set,policy,reported_pct,realized_pct,best_pct,reporting_gap_pp,regret_pp
0.0,30,0.7,511,max_coverage_then_max_redundant,100.00000000000013,95.36209677746503,97.16128421683231,4.637903222535101,1.7991874393672873
0.2,30,0.7,511,max_coverage_then_max_redundant,100.00000000000013,95.83681404657565,97.16128421683231,4.163185953424474,1.3244701702566601
0.5,30,0.7,511,max_coverage_then_max_redundant,99.9402064430144,63.80367856824838,93.80321688806276,36.136527874766024,29.999538319814384
0.8,30,0.7,511,max_coverage_then_max_redundant,86.23490524333097,0.88754511053173,1.7772271125189167,85.34736013279924,0.8896820019871867
