{
  "n_segments": 78,
  "c_hat_median": 4.350345316114332,
  "iid": {
    "lo95": 3.6589900277273335,
    "hi95": 5.5695801341471824,
    "mean": 4.516353234976827
  },
  "cluster_seq_device": {
    "lo95": 3.6589900277273335,
    "hi95": 5.666221684017858,
    "mean": 4.568168121756938
  },
  "cluster_seq": {
    "lo95": 3.7274907164680857,
    "hi95": 5.530495841437085,
    "mean": 4.507929648800807
  }
}