rho,K,cand_set,vstar_eucl_pct,realized_min,min_mipgap,min_status,realized_max,max_mipgap,max_status
0.0,30,511,99.99999999999996,45.957416351587014,0.912721372387357,9,97.16128421683231,3.8948807439897836e-16,2
0.2,30,511,99.99999999999996,62.57692011368596,0.9116490598218959,9,97.16128421683231,0.0,2
0.5,30,511,99.64670841569479,81.30172786656931,0.0,2,81.37127354196973,0.0,2
0.8,30,511,8.985531819887445,1.070448105684602,3.512637788903004e-08,2,1.0704481844282003,0.0,2
